FUJI ROCK FESTIVAL '19,I'm Yours,Jason Mraz
FUJI ROCK FESTIVAL '19,シカゴ,クラムボン
FUJI ROCK FESTIVAL '19,Never Meant,American Football
FUJI ROCK FESTIVAL '19,満月の夕,ソウル・フラワー・ユニオン
FUJI ROCK FESTIVAL '19,ソラニン,ASIAN KUNG-FU GENERATION
FUJI ROCK FESTIVAL '19,Chandelier,Sia
FUJI ROCK FESTIVAL '19,BERSERK -Forces-,平沢進
FUJI ROCK FESTIVAL '19,ONEMAN,蓮沼執太フィル　　
FUJI ROCK FESTIVAL '19,two moons,toe
FUJI ROCK FESTIVAL '19,Bright Lights,Gary Clark Jr.
FUJI ROCK FESTIVAL '19,ゴー,ケミカル・ブラザーズ
FUJI ROCK FESTIVAL '19,接吻 (Single Version),オリジナル・ラヴ
FUJI ROCK FESTIVAL '19,Fascination Street (Remastered),ザ・キュアー
FUJI ROCK FESTIVAL '19,So Many Details,Toro Y Moi
FUJI ROCK FESTIVAL '19,リミット・トゥ・ユア・ラヴ,ジェイムス・ブレイク
FUJI ROCK FESTIVAL '19,時には昔の話を,加藤登紀子
FUJI ROCK FESTIVAL '19,よー、そこの若いの,竹原ピストル
FUJI ROCK FESTIVAL '19,まどろまない,ドミコ
FUJI ROCK FESTIVAL '19,In The Images of Images,渋さ知らズ
FUJI ROCK FESTIVAL '19,So You Think You've Got Troubles,ハリー・ニルソン
FUJI ROCK FESTIVAL '19,あまり行かない喫茶店で,never young beach
FUJI ROCK FESTIVAL '19,Stand Still,Sabrina Claudio
FUJI ROCK FESTIVAL '19,BambuDo,石野　卓球
FUJI ROCK FESTIVAL '19,ふたりの夏物語 NEVER ENDING SUMMER,杉山清貴&オメガトライブ
FUJI ROCK FESTIVAL '19,2002,Anne-Marie
FUJI ROCK FESTIVAL '19,サイコブレイク,ADAM at
FUJI ROCK FESTIVAL '19,Black Swan,Thom Yorke
FUJI ROCK FESTIVAL '19,All Of Us,GLIM SPANKY
FUJI ROCK FESTIVAL '19,I Like That,Janelle Monáe
FUJI ROCK FESTIVAL '19,22,LUCKY TAPES
FUJI ROCK FESTIVAL '19,Animals,Martin Garrix
FUJI ROCK FESTIVAL '19,ライズ,ジョナス・ブルー
FUJI ROCK FESTIVAL '19,Gold Rush,Death Cab for Cutie
FUJI ROCK FESTIVAL '19,Archie，Marry Me,Alvvays
FUJI ROCK FESTIVAL '19,五月雨,崎山蒼志
FUJI ROCK FESTIVAL '19,どうしよう,Tempalay
FUJI ROCK FESTIVAL '19,また明日,藤原さくら
FUJI ROCK FESTIVAL '19,きっとね!,中村佳穂
FUJI ROCK FESTIVAL '19,BABY BABY,銀杏BOYZ
FUJI ROCK FESTIVAL '19,秒針を噛む,ずっと真夜中でいいのに。
FUJI ROCK FESTIVAL '19,きみはうつくしい,七尾旅人
FUJI ROCK FESTIVAL '19,NOTHIN LIKE U,KAYTRANADA
FUJI ROCK FESTIVAL '19,裸足の果実,EGO-WRAPPIN'
FUJI ROCK FESTIVAL '19,Payo Payo Chin,The Waterboys
FUJI ROCK FESTIVAL '19,忘却のサチコ,スカート
FUJI ROCK FESTIVAL '19,I Want a Billion feat. Taka,KOHH
FUJI ROCK FESTIVAL '19,地下の祭儀,水曜日のカンパネラ
FUJI ROCK FESTIVAL '19,労働なんかしないで 光合成だけで生きたい,スガ シカオ
FUJI ROCK FESTIVAL '19,帰り道,OAU
FUJI ROCK FESTIVAL '19,Asi la Vida Siguiendo,CINEMA dub MONKS
FUJI ROCK FESTIVAL '19,Ambitious,Superfly
ROCK IN JAPAN FESTIVAL 2019,Future Pop,Perfume
ROCK IN JAPAN FESTIVAL 2019,Cheers!,KEYTALK
ROCK IN JAPAN FESTIVAL 2019,栞,クリープハイプ
ROCK IN JAPAN FESTIVAL 2019,推しのいる生活,キュウソネコカミ
ROCK IN JAPAN FESTIVAL 2019,ハグルマ,KANA-BOON
ROCK IN JAPAN FESTIVAL 2019,テレキャスター・ストライプ (全知全能 ver.),ポルカドットスティングレイ
ROCK IN JAPAN FESTIVAL 2019,RPG,SEKAI NO OWARI
ROCK IN JAPAN FESTIVAL 2019,カタオモイ,Aimer
ROCK IN JAPAN FESTIVAL 2019,パラノーマルワンダーワールド,go!go!vanillas
ROCK IN JAPAN FESTIVAL 2019,あ。っという間はあるさ,竹原ピストル
ROCK IN JAPAN FESTIVAL 2019,日本の米は世界一,打首獄門同好会
ROCK IN JAPAN FESTIVAL 2019,Shine,家入レオ
ROCK IN JAPAN FESTIVAL 2019,世界はあなたに笑いかけている,Little Glee Monster
ROCK IN JAPAN FESTIVAL 2019,Summer Gate,佐藤千亜妃
ROCK IN JAPAN FESTIVAL 2019,夏のSAYにしてゴメンネ?,フレンズ
ROCK IN JAPAN FESTIVAL 2019,All Of Us,GLIM SPANKY
ROCK IN JAPAN FESTIVAL 2019,VOICE,Nulbarich
ROCK IN JAPAN FESTIVAL 2019,Stand By You,Official髭男dism
ROCK IN JAPAN FESTIVAL 2019,拝啓、いつかの君へ,感覚ピエロ
ROCK IN JAPAN FESTIVAL 2019,Everything,Czecho No Republic
ROCK IN JAPAN FESTIVAL 2019,YEAH!!!!,グッドモーニングアメリカ
ROCK IN JAPAN FESTIVAL 2019,Crazy Dancer,夜の本気ダンス
ROCK IN JAPAN FESTIVAL 2019,僕から君へ,Bentham
ROCK IN JAPAN FESTIVAL 2019,されど奇術師は賽を振る,嘘とカメレオン
ROCK IN JAPAN FESTIVAL 2019,RESTART,エレファントカシマシ
ROCK IN JAPAN FESTIVAL 2019,解き放て、我らが新時代,宮本浩次
ROCK IN JAPAN FESTIVAL 2019,COLOR,木村カエラ
ROCK IN JAPAN FESTIVAL 2019,また明日,藤原さくら
ROCK IN JAPAN FESTIVAL 2019,YAMABIKO,NakamuraEmi
ROCK IN JAPAN FESTIVAL 2019,休みの日,宇宙まお
ROCK IN JAPAN FESTIVAL 2019,祈り花,平井 大
ROCK IN JAPAN FESTIVAL 2019,マスターピース,SCANDAL
ROCK IN JAPAN FESTIVAL 2019,フジヤマディスコ,SILENT SIREN
ROCK IN JAPAN FESTIVAL 2019,全力少年,スキマスイッチ
ROCK IN JAPAN FESTIVAL 2019,BROTHER,OKAMOTO'S
ROCK IN JAPAN FESTIVAL 2019,白夜,THE BACK HORN
ROCK IN JAPAN FESTIVAL 2019,TSUMANNE,SAKANAMON
ROCK IN JAPAN FESTIVAL 2019,ポラリス,Base Ball Bear
ROCK IN JAPAN FESTIVAL 2019,破顔,フジファブリック
ROCK IN JAPAN FESTIVAL 2019,Melodic Storm (2018 Remastered),ストレイテナー
ROCK IN JAPAN FESTIVAL 2019,オシャレ大作戦,ネクライトーキー
ROCK IN JAPAN FESTIVAL 2019,soul,江沼郁弥
ROCK IN JAPAN FESTIVAL 2019,MirrorDance,androp
ROCK IN JAPAN FESTIVAL 2019,小さな恋のうた,MONGOL800
ROCK IN JAPAN FESTIVAL 2019,Out of Control,Nothing's Carved In Stone
ROCK IN JAPAN FESTIVAL 2019,Black Market Blues,9mm Parabellum Bullet
ROCK IN JAPAN FESTIVAL 2019,Catch the Moment,LiSA
ROCK IN JAPAN FESTIVAL 2019,くだらない,SIX LOUNGE
ROCK IN JAPAN FESTIVAL 2019,秘密,BIGMAMA
ROCK IN JAPAN FESTIVAL 2019,LET'S GO BACK,THE BAWDIES
ROCK IN JAPAN FESTIVAL 2019,Monkey Discooooooo,the telephones
ROCK IN JAPAN FESTIVAL 2019,らしさ,SUPER BEAVER
ROCK IN JAPAN FESTIVAL 2019,クラーク博士と僕,四星球
ROCK IN JAPAN FESTIVAL 2019,バンドやろうぜ,忘れらんねえよ
ROCK IN JAPAN FESTIVAL 2019,LISTEN TO THE STEREO!!,GOING UNDER GROUND                                                                                                                                                                                                                                             
ROCK IN JAPAN FESTIVAL 2019,Laurentech,SPECIAL OTHERS
ROCK IN JAPAN FESTIVAL 2019,comrade,SOIL ＆“PIMP”SESSIONS feat. 三浦大知
ROCK IN JAPAN FESTIVAL 2019,永遠に,ゴスペラーズ
ROCK IN JAPAN FESTIVAL 2019,366日,HY
ROCK IN JAPAN FESTIVAL 2019,虹,んだほ & ぺけたん from Fischer's
ROCK IN JAPAN FESTIVAL 2019,カーニバる?,ナオト・インティライミ
ROCK IN JAPAN FESTIVAL 2019,女々しくて,ゴールデンボンバー
ROCK IN JAPAN FESTIVAL 2019,Sweet Wanderer,ももいろクローバーZ
ROCK IN JAPAN FESTIVAL 2019,メンヘラ,ミオヤマザキ
ROCK IN JAPAN FESTIVAL 2019,RIGHT NOW,GOOD4NOTHING
ROCK IN JAPAN FESTIVAL 2019,DREAMIN',NAMBA69
ROCK IN JAPAN FESTIVAL 2019,Phoenix,TOTALFAT
ROCK IN JAPAN FESTIVAL 2019,WAY TO THE SUN,dustbox
ROCK IN JAPAN FESTIVAL 2019,STARLIGHT,locofrank
ROCK IN JAPAN FESTIVAL 2019,「70cm四方の窓辺」,ROTTENGRAFFTY
ROCK IN JAPAN FESTIVAL 2019,ニルヴァーナ,MUCC
ROCK IN JAPAN FESTIVAL 2019,THIRTEEN,lynch.
RISING SUN ROCK FESTIVAL2019 ,透明少女,NUMBER GIRL
RISING SUN ROCK FESTIVAL2019 ,NUM-AMI-DABUTZ (2014 Remaster),NUMBER GIRL
RISING SUN ROCK FESTIVAL2019 ,深夜高速,怒髪天
RISING SUN ROCK FESTIVAL2019 ,DOWN BEAT STOMP,東京スカパラダイスオーケストラ
RISING SUN ROCK FESTIVAL2019 ,Glorious,東京スカパラダイスオーケストラ
RISING SUN ROCK FESTIVAL2019 ,怒りをくれよ,GLIM SPANKY
RISING SUN ROCK FESTIVAL2019 ,TV Show,GLIM SPANKY
RISING SUN ROCK FESTIVAL2019 ,日本の米は世界一,打首獄門同好会
RISING SUN ROCK FESTIVAL2019 ,はたらきたくない,打首獄門同好会
RISING SUN ROCK FESTIVAL2019 ,POP KORN,SOIL ＆“PIMP”SESSIONS
RISING SUN ROCK FESTIVAL2019 ,SUMMER GODDESS,SOIL ＆“PIMP”SESSIONS
RISING SUN ROCK FESTIVAL2019 ,ロウラヴ,King Gnu
RISING SUN ROCK FESTIVAL2019 ,Prayer X,King Gnu
RISING SUN ROCK FESTIVAL2019 ,NEW ERA,Nulbarich
RISING SUN ROCK FESTIVAL2019 ,Kiss You Back,Nulbarich
RISING SUN ROCK FESTIVAL2019 ,誰がマンボに”ウッ!!”をつけた,吾妻　光良 & The Swinging Boppers
RISING SUN ROCK FESTIVAL2019 ,俺の家は会社,吾妻　光良 & The Swinging Boppers
RISING SUN ROCK FESTIVAL2019 ,NOW ON AIR,赤い公園
RISING SUN ROCK FESTIVAL2019 ,KOIKI,赤い公園
RISING SUN ROCK FESTIVAL2019 ,The Last Letter,吉川晃司
RISING SUN ROCK FESTIVAL2019 ,21g,9mm Parabellum Bullet
RISING SUN ROCK FESTIVAL2019 ,ハートに火をつけて,9mm Parabellum Bullet
RISING SUN ROCK FESTIVAL2019 ,漂流教室,銀杏BOYZ
RISING SUN ROCK FESTIVAL2019 ,援助交際,銀杏BOYZ
RISING SUN ROCK FESTIVAL2019 ,イト,クリープハイプ
RISING SUN ROCK FESTIVAL2019 ,鬼,クリープハイプ
RISING SUN ROCK FESTIVAL2019 ,境界線,佐野元春 & THE COYOTE BAND
RISING SUN ROCK FESTIVAL2019 ,優しい闇,佐野元春 & THE COYOTE BAND
RISING SUN ROCK FESTIVAL2019 ,島人ぬ宝,BEGIN
RISING SUN ROCK FESTIVAL2019 ,春にゴンドラ,BEGIN
RISING SUN ROCK FESTIVAL2019 ,Rollin' Rollin',七尾旅人
RISING SUN ROCK FESTIVAL2019 ,きみはうつくしい,七尾旅人
RISING SUN ROCK FESTIVAL2019 ,Braver,ストレイテナー
RISING SUN ROCK FESTIVAL2019 ,Melodic Storm,ストレイテナー
RISING SUN ROCK FESTIVAL2019 ,Mighty Clash,SHANK
RISING SUN ROCK FESTIVAL2019 ,First Light Anthem,SHANK
RISING SUN ROCK FESTIVAL2019 ,オメでたい頭でなにより,オメでたい頭でなにより
RISING SUN ROCK FESTIVAL2019 ,ザ・レジスタンス,オメでたい頭でなにより
RISING SUN ROCK FESTIVAL2019 ,金色グラフティー,ROTTENGRAFFTY
RISING SUN ROCK FESTIVAL2019 ,「70cm四方の窓辺」,ROTTENGRAFFTY
RISING SUN ROCK FESTIVAL2019 ,Exchange Blues,DMBQ
RISING SUN ROCK FESTIVAL2019 ,Shoot me,DMBQ
RISING SUN ROCK FESTIVAL2019 ,DOCUMENT,TENDRE
RISING SUN ROCK FESTIVAL2019 ,DRAMA,TENDRE
RISING SUN ROCK FESTIVAL2019 ,Walk On The Way,フジファブリック
RISING SUN ROCK FESTIVAL2019 ,若者のすべて,フジファブリック
RISING SUN ROCK FESTIVAL2019 ,五月雨,崎山蒼志
RISING SUN ROCK FESTIVAL2019 ,泡みたく輝いて,崎山蒼志
RISING SUN ROCK FESTIVAL2019 ,Parks,Homecomings
RISING SUN ROCK FESTIVAL2019 ,I WANT YOU BACK,Homecomings
RISING SUN ROCK FESTIVAL2019 ,Silver Shoes,Rei
RISING SUN ROCK FESTIVAL2019 ,LAZY LOSER,Rei
RISING SUN ROCK FESTIVAL2019 ,絶対彼氏以上,AsuraSyndrome
RISING SUN ROCK FESTIVAL2019 ,男が女を唄うとき,AsuraSyndrome
RISING SUN ROCK FESTIVAL2019 ,T字路sのテーマ,T字路s
RISING SUN ROCK FESTIVAL2019 ,暮らしのなかで,T字路s
RISING SUN ROCK FESTIVAL2019 ,チョコレイト・ディスコ,DEPAPEKO (押尾コータロー×DEPAPEPE）
RISING SUN ROCK FESTIVAL2019 ,恋するフォーチュンクッキー,DEPAPEKO (押尾コータロー×DEPAPEPE）
RISING SUN ROCK FESTIVAL2019 ,朝焼けの歌,OVERGROUND ACOUSTIC UNDERGROUND
RISING SUN ROCK FESTIVAL2019 ,MIDNIGHT SUN,OVERGROUND ACOUSTIC UNDERGROUND
RISING SUN ROCK FESTIVAL2019 ,tomorrow,MOROHA
RISING SUN ROCK FESTIVAL2019 ,三文銭,MOROHA
SUMMER SONIC 2019 TOKYO(8/16),Centuries,フォール・アウト・ボーイ
SUMMER SONIC 2019 TOKYO(8/16),Girls (feat. Cardi B，Bebe Rexha & Charli XCX),Rita Ora
SUMMER SONIC 2019 TOKYO(8/16),セイ・イット・エイント・ソー,ウィーザー
SUMMER SONIC 2019 TOKYO(8/16),ワタリドリ,[Alexandros]
SUMMER SONIC 2019 TOKYO(8/16),やさしさで溢れるように,JUJU
SUMMER SONIC 2019 TOKYO(8/16),栞,クリープハイプ
SUMMER SONIC 2019 TOKYO(8/16),世界はあなたに笑いかけている,Little Glee Monster
SUMMER SONIC 2019 TOKYO(8/16),イッツ・ノット・リヴィング(イフ・イッツ・ノット・ウィズ・ユー),THE 1975
SUMMER SONIC 2019 TOKYO(8/16),JOY,YUKI
SUMMER SONIC 2019 TOKYO(8/16),ストレイシープ,神様、僕は気づいてしまった
SUMMER SONIC 2019 TOKYO(8/16),オールモスト・ラヴ,サブリナ・カーペンター
SUMMER SONIC 2019 TOKYO(8/16),Venus,Bananarama
SUMMER SONIC 2019 TOKYO(8/16),チェイシング・カーズ,スノウ・パトロール
SUMMER SONIC 2019 TOKYO(8/16),Cruel Summer,Bananarama
SUMMER SONIC 2019 TOKYO(8/16),Heal Me,Grace Carter
SUMMER SONIC 2019 TOKYO(8/16),Island In The Sun,Weezer
SUMMER SONIC 2019 TOKYO(8/16),BUBBLE-GUM MAGIC,KEYTALK
SUMMER SONIC 2019 TOKYO(8/16),Dead Boys,サム・フェンダー
SUMMER SONIC 2019 TOKYO(8/16),Summertime,RIRI，KEIJU，小袋成彬
SUMMER SONIC 2019 TOKYO(8/16),Answer feat. KREVA,向井太一
SUMMER SONIC 2019 TOKYO(8/16),Only Want You,Rita Ora
SUMMER SONIC 2019 TOKYO(8/16),Something Good Can Work,Two Door Cinema Club
SUMMER SONIC 2019 TOKYO(8/16),猿上がりシティーポップ,秋山黄色
SUMMER SONIC 2019 TOKYO(8/16),AM11:00 (Rerecorded),HY
SUMMER SONIC 2019 TOKYO(8/16),アルペジオ,[Alexandros]
SUMMER SONIC 2019 TOKYO(8/16),What You Know,Two Door Cinema Club
SUMMER SONIC 2019 TOKYO(8/16),Why Her Not Me,Grace Carter
SUMMER SONIC 2019 TOKYO(8/16),If We Have Each Other,Alec Benjamin
SUMMER SONIC 2019 TOKYO(8/16),Play God,サム・フェンダー
SUMMER SONIC 2019 TOKYO(8/16),青空,The Birthday
SUMMER SONIC 2019 TOKYO(8/16),Ghetto Walkin',Miles Davis
SUMMER SONIC 2019 TOKYO(8/16),Body Language,INTERSECTION
SUMMER SONIC 2019 TOKYO(8/16),Afro Blue,ロバート・グラスパー
SUMMER SONIC 2019 TOKYO(8/16),ひまわりの約束,秦 基博
SUMMER SONIC 2019 TOKYO(8/16),イト,クリープハイプ
SUMMER SONIC 2019 TOKYO(8/16),ガット・トゥ・ビー・リアル,CHERYL LYNN
SUMMER SONIC 2019 TOKYO(8/16),君に届くまで,Little Glee Monster
SUMMER SONIC 2019 TOKYO(8/16),イッツ・ア・ライ,マイケル・モンロー
SUMMER SONIC 2019 TOKYO(8/16),星屑サンセット,YUKI
SUMMER SONIC 2019 TOKYO(8/16),クソフラペチーノ,秋山黄色
SUMMER SONIC 2019 TOKYO(8/16),366日 (Rerecorded),HY
SUMMER SONIC 2019 TOKYO(8/16),シュガー、ウィアー・ゴーイン・ダウン,フォール・アウト・ボーイ
SUMMER SONIC 2019 TOKYO(8/16),Cornflake,Psychedelic Porn Crumpets
SUMMER SONIC 2019 TOKYO(8/16),Falling,INTERSECTION
SUMMER SONIC 2019 TOKYO(8/16),スー・ミー,サブリナ・カーペンター
SUMMER SONIC 2019 TOKYO(8/16),Cheers!,KEYTALK
SUMMER SONIC 2019 TOKYO(8/16),20XX,神様、僕は気づいてしまった
SUMMER SONIC 2019 TOKYO(8/16),Let Me Down Slowly (feat. Alessia Cara),Alec Benjamin
SUMMER SONIC 2019 TOKYO(8/16),Surf's Up,Psychedelic Porn Crumpets
SUMMER SONIC 2019 TOKYO(8/16),花,秦 基博
SUMMER SONIC 2019 TOKYO(8/16),リッケンバッカー,リーガルリリー
SUMMER SONIC 2019 TOKYO(8/16),HONEY,RIRI
SUMMER SONIC 2019 TOKYO(8/16),PROJECTION,PassCode
SUMMER SONIC 2019 TOKYO(8/16),ボディ・トークス,ザ・ストラッツ
SUMMER SONIC 2019 TOKYO(8/16),道,向井太一
SUMMER SONIC 2019 TOKYO(8/16),ミライ,JUJU
SUMMER SONIC 2019 TOKYO(8/16),ラヴ・イット・イフ・ウィ・メイド・イット,THE 1975
SUMMER SONIC 2019 TOKYO(8/16),プロミスザスター,BiSH
SUMMER SONIC 2019 TOKYO(8/16),LOVE IN THE SKY WITH DOROTHY,The Birthday
SUMMER SONIC 2019 TOKYO(8/16),ラン,スノウ・パトロール
SUMMER SONIC 2019 TOKYO(8/16),Ray,PassCode
SUMMER SONIC 2019 TOKYO(8/16),トランジスタラジオ,リーガルリリー
SUMMER SONIC 2019 TOKYO(8/16),マジック・カーペット・ライド,マイケル・モンロー
SUMMER SONIC 2019 TOKYO(8/16),ワン・ナイト・オンリー,ザ・ストラッツ
SUMMER SONIC 2019 TOKYO(8/16),PAiNT it BLACK,BiSH
SWEET LOVE SHOWER 2019 day1(8/30),新宝島,サカナクション
SWEET LOVE SHOWER 2019 day1(8/30),きみがいいねくれたら,きゃりーぱみゅぱみゅ
SWEET LOVE SHOWER 2019 day1(8/30),Utopia,04 Limited Sazabys
SWEET LOVE SHOWER 2019 day1(8/30),OH!,SHISHAMO
SWEET LOVE SHOWER 2019 day1(8/30),予感,SUPER BEAVER
SWEET LOVE SHOWER 2019 day1(8/30),かわE,ヤバイTシャツ屋さん
SWEET LOVE SHOWER 2019 day1(8/30),一撃,ROTTENGRAFFTY
SWEET LOVE SHOWER 2019 day1(8/30),こたえあわせ,teto
SWEET LOVE SHOWER 2019 day1(8/30),ナイロンの糸,サカナクション
SWEET LOVE SHOWER 2019 day1(8/30),「70cm四方の窓辺」,ROTTENGRAFFTY
SWEET LOVE SHOWER 2019 day1(8/30),夜想曲,teto
SWEET LOVE SHOWER 2019 day1(8/30),インベーダーインベーダー,きゃりーぱみゅぱみゅ
SWEET LOVE SHOWER 2019 day1(8/30),Into The Future,Dizzy Sunfist
SWEET LOVE SHOWER 2019 day1(8/30),らしさ,SUPER BEAVER
SWEET LOVE SHOWER 2019 day1(8/30),ハッピーウェディング前ソング,ヤバイTシャツ屋さん
SWEET LOVE SHOWER 2019 day1(8/30),My HERO,04 Limited Sazabys
SWEET LOVE SHOWER 2019 day1(8/30),ほら、笑ってる,SHISHAMO
SWEET LOVE SHOWER 2019 day1(8/30),金色グラフティー,ROTTENGRAFFTY
SWEET LOVE SHOWER 2019 day1(8/30),Life Is A Suspense,Dizzy Sunfist
音霊 OTODAMA SEA STUDIO 2019,Kiss You Back,Nulbarich
音霊 OTODAMA SEA STUDIO 2019,AM11:00 (Rerecorded),HY
音霊 OTODAMA SEA STUDIO 2019,ドラマ,C&K
音霊 OTODAMA SEA STUDIO 2019,Stand by you,SKE48
音霊 OTODAMA SEA STUDIO 2019,帰り道,OAU
音霊 OTODAMA SEA STUDIO 2019,My Boo,清水　翔太
音霊 OTODAMA SEA STUDIO 2019,Our Love Story,FUKI
音霊 OTODAMA SEA STUDIO 2019,Crying in the rain,Vipera
音霊 OTODAMA SEA STUDIO 2019,そばにいるね,青山テルマ
音霊 OTODAMA SEA STUDIO 2019,P.S. 等身大のラブソング,當山　みれい
音霊 OTODAMA SEA STUDIO 2019,ピアス,EMPiRE
音霊 OTODAMA SEA STUDIO 2019,別の人の彼女になったよ,wacci
音霊 OTODAMA SEA STUDIO 2019,GOING TO A GO-GO,クレイジーケンバンド
音霊 OTODAMA SEA STUDIO 2019,さいしょのさいしょ,桜エビ～ず
音霊 OTODAMA SEA STUDIO 2019,まわせ!まわせんせーしょん,黒は着ない。
音霊 OTODAMA SEA STUDIO 2019,永遠と未来へ,Dan te Lion
音霊 OTODAMA SEA STUDIO 2019,結び目,トクヒサレナ
音霊 OTODAMA SEA STUDIO 2019,恋ゲバ,新しい学校のリーダーズ
音霊 OTODAMA SEA STUDIO 2019,I (feat. 川谷絵音),ichika
音霊 OTODAMA SEA STUDIO 2019,eye contact,EverZOne
音霊 OTODAMA SEA STUDIO 2019,アッパライナ,天晴れ！原宿
音霊 OTODAMA SEA STUDIO 2019,アルビレオ,ヨースケコースケ
音霊 OTODAMA SEA STUDIO 2019,イトシラブ,Ange☆Reve
音霊 OTODAMA SEA STUDIO 2019,efface,TEARS-ティアーズ-
音霊 OTODAMA SEA STUDIO 2019,インダ ビュリフォデイ,Task have Fun
音霊 OTODAMA SEA STUDIO 2019,WISH,DEEP
音霊 OTODAMA SEA STUDIO 2019,Weekend Secret,SNUPER
音霊 OTODAMA SEA STUDIO 2019,UTAGEI,81moment
音霊 OTODAMA SEA STUDIO 2019,いとをかし,ハシグチカナデリヤ
音霊 OTODAMA SEA STUDIO 2019,鬱憤,ACE COLLECTION
音霊 OTODAMA SEA STUDIO 2019,sgrks,病ンドル
音霊 OTODAMA SEA STUDIO 2019,大人サバイバー,ラストアイドル
音霊 OTODAMA SEA STUDIO 2019,世界の果て,河野万里奈
音霊 OTODAMA SEA STUDIO 2019,AM6:30,notall
音霊 OTODAMA SEA STUDIO 2019,お控えなすって神宿でござる,神宿
音霊 OTODAMA SEA STUDIO 2019,消えぬI Love You,A BABY HEARTS
音霊 OTODAMA SEA STUDIO 2019,あなたと出逢えて,宗像美樹
音霊 OTODAMA SEA STUDIO 2019,君に伝えたい                                                                                                                                                                                                                                                         ,米倉千尋                                                                                                                                                                                                                                                           
音霊 OTODAMA SEA STUDIO 2019,キミの好きなうた,當山　みれい
音霊 OTODAMA SEA STUDIO 2019,君は音楽,りかりこ
音霊 OTODAMA SEA STUDIO 2019,Can U Feel It !?,BUZZ-ER.
音霊 OTODAMA SEA STUDIO 2019,ギブミーファイブ!!,JARNZΩ
音霊 OTODAMA SEA STUDIO 2019,CLUB Freedom,TRYZERO
音霊 OTODAMA SEA STUDIO 2019,クローバーとダイヤモンド,C&K
音霊 OTODAMA SEA STUDIO 2019,声,ピースストーン
音霊 OTODAMA SEA STUDIO 2019,コトノハノオモイ,井上苑子
音霊 OTODAMA SEA STUDIO 2019,Go ahead,きゅい～ん'ズ
音霊 OTODAMA SEA STUDIO 2019,366日 (Rerecorded),HY
音霊 OTODAMA SEA STUDIO 2019,略奪,みやかわくん
音霊 OTODAMA SEA STUDIO 2019,summer snow,鶯籠
音霊 OTODAMA SEA STUDIO 2019,2020-地球最後の日-,i*chip_memory
音霊 OTODAMA SEA STUDIO 2019,Summer Motivation,塚本舞
音霊 OTODAMA SEA STUDIO 2019,さよならを教えて,ゑんら
音霊 OTODAMA SEA STUDIO 2019,Distance,SUPER FANTASY
音霊 OTODAMA SEA STUDIO 2019,Butterfly Effect,fox capture plan
音霊 OTODAMA SEA STUDIO 2019,ジョー☆デッキー!!!,はやぶさ
音霊 OTODAMA SEA STUDIO 2019,STYLE OF LOVE,卒業☆星
音霊 OTODAMA SEA STUDIO 2019,Girl Friend,伊与木　一彦
音霊 OTODAMA SEA STUDIO 2019,シンクロニシティ,里咲りさ
音霊 OTODAMA SEA STUDIO 2019,ファンタジック,井上苑子
音霊 OTODAMA SEA STUDIO 2019,STAR-T!,河西智美
音霊 OTODAMA SEA STUDIO 2019,Start-Line,山口大貴
音霊 OTODAMA SEA STUDIO 2019,stray straight,BLACKNAZARENE
音霊 OTODAMA SEA STUDIO 2019,snow candle (feat. MASA),玉山 ミイ
音霊 OTODAMA SEA STUDIO 2019,spiral,DUSTZ
音霊 OTODAMA SEA STUDIO 2019,Splash,Yasei Collective
音霊 OTODAMA SEA STUDIO 2019,Spotlight,BLACK IRIS
音霊 OTODAMA SEA STUDIO 2019,Sekai-Japan,竜馬四重奏
音霊 OTODAMA SEA STUDIO 2019,瀬戸内の声,STU48
音霊 OTODAMA SEA STUDIO 2019,ソメイヨシノが咲く頃に,アクアノート
音霊 OTODAMA SEA STUDIO 2019,タイムトリップ,CY8ER
音霊 OTODAMA SEA STUDIO 2019,闘う門には幸来たる,真っ白なキャンバス
音霊 OTODAMA SEA STUDIO 2019,月の丘,青葉市子
音霊 OTODAMA SEA STUDIO 2019,東京少年少女,角松　敏生
音霊 OTODAMA SEA STUDIO 2019,トナリノココロ,スメルノマニア
音霊 OTODAMA SEA STUDIO 2019,Twilight,ONEUS
音霊 OTODAMA SEA STUDIO 2019,私今あなたに恋をしています,足立　佳奈
音霊 OTODAMA SEA STUDIO 2019,ナナイロ Shining Ray,純粋カフェ・ラッテ
音霊 OTODAMA SEA STUDIO 2019,初恋リミテッド,ネコプラ∞
音霊 OTODAMA SEA STUDIO 2019,HONEY TRAP,CANDY GO!GO!
音霊 OTODAMA SEA STUDIO 2019,HURRICANE,ReN
音霊 OTODAMA SEA STUDIO 2019,反抗声明,あゆみくりかまき
音霊 OTODAMA SEA STUDIO 2019,ばいばいてぃーんずららばい,KOTO
音霊 OTODAMA SEA STUDIO 2019,光,橋本 峻
音霊 OTODAMA SEA STUDIO 2019,100年キミだけ,転校少女*
音霊 OTODAMA SEA STUDIO 2019,Beautiful Tears,KIMIKA
音霊 OTODAMA SEA STUDIO 2019,ファンタジア,ザ・なつやすみバンド
音霊 OTODAMA SEA STUDIO 2019,ft.                                                                                                                                                                                                                                                            ,FUNKIST                                                                                                                                                                                                                                                        
音霊 OTODAMA SEA STUDIO 2019,Fake Factor,Devil ANTHEM.
音霊 OTODAMA SEA STUDIO 2019,Friday,清水　翔太
音霊 OTODAMA SEA STUDIO 2019,BLACK,Takuya IDE
音霊 OTODAMA SEA STUDIO 2019,BRAND NEW DAY,シクラメン
音霊 OTODAMA SEA STUDIO 2019,Play this song,Play.Goose
音霊 OTODAMA SEA STUDIO 2019,霹靂SUNMOONLIGHT,82回目の終身刑
音霊 OTODAMA SEA STUDIO 2019,ミチシルベ,Rihwa
音霊 OTODAMA SEA STUDIO 2019,ペダルと車輪と来た道と,STU48
音霊 OTODAMA SEA STUDIO 2019,僕らの生きる意味,Brand New Vibe
音霊 OTODAMA SEA STUDIO 2019,僕らのヒーロー,UP lIFT
音霊 OTODAMA SEA STUDIO 2019,My name is IDOL,空野青空
音霊 OTODAMA SEA STUDIO 2019,水面の輪舞曲,奇妙礼太郎
音霊 OTODAMA SEA STUDIO 2019,ムカ着火ファイヤー,Pimm's
音霊 OTODAMA SEA STUDIO 2019,メジャーボーイ,CUBERS
音霊 OTODAMA SEA STUDIO 2019,もしもしにんげん,咲耶
音霊 OTODAMA SEA STUDIO 2019,桃色の人生!,ぱいぱいでか美withメガエレファンツ
音霊 OTODAMA SEA STUDIO 2019,大和撫子の日が昇る,BANZAI JAPAN
音霊 OTODAMA SEA STUDIO 2019,結,wacci
音霊 OTODAMA SEA STUDIO 2019,yumenara,EOW
音霊 OTODAMA SEA STUDIO 2019,夜明けの1ページ,スクランブルガム
音霊 OTODAMA SEA STUDIO 2019,予感,STARMARIE
音霊 OTODAMA SEA STUDIO 2019,LIGHT,SPECIAL OTHERS ACOUSTIC
音霊 OTODAMA SEA STUDIO 2019,Light on fire,IVVY
音霊 OTODAMA SEA STUDIO 2019,Louder! Louder!,松岡 侑李
音霊 OTODAMA SEA STUDIO 2019,ラジオ基地,韻シスト
音霊 OTODAMA SEA STUDIO 2019,ラブ・ストーリーは突然に,DEPAPEKO (押尾コータロー×DEPAPEPE）
音霊 OTODAMA SEA STUDIO 2019,Reboot,TA女子
音霊 OTODAMA SEA STUDIO 2019,Reminisce about All,ONEWE
音霊 OTODAMA SEA STUDIO 2019,わたしのアイス食べたでしょう?,トミタ栞
音霊 OTODAMA SEA STUDIO 2019,ONE WAY,前田紘利TJ
音霊 OTODAMA SEA STUDIO 2019,ONE STEP,RYO the SKYWALKER
音霊 OTODAMA SEA STUDIO 2019,One step,KAIKI
音霊 OTODAMA SEA STUDIO 2019,VOICE,Nulbarich
音霊 OTODAMA SEA STUDIO 2019,いきなりパンチライン,SKE48
音霊 OTODAMA SEA STUDIO 2019,恋,吉川 友
音霊 OTODAMA SEA STUDIO 2019,恋の1，2step,MONSTER GIRLFRIEND
音霊 OTODAMA SEA STUDIO 2019,Stay Together,Baby Kiy
音霊 OTODAMA SEA STUDIO 2019,#Slaysian,BananaLemon
音霊 OTODAMA SEA STUDIO 2019,ずっとサマーで恋してる,虹のコンキスタドール
音霊 OTODAMA SEA STUDIO 2019,タバルほおばる,TABARU
音霊 OTODAMA SEA STUDIO 2019,Black to the dreamlight,EMPiRE
音霊 OTODAMA SEA STUDIO 2019,タピオカミルクティー,わーすた
音霊 OTODAMA SEA STUDIO 2019,トーキョーダイブ,東京カランコロン
音霊 OTODAMA SEA STUDIO 2019,ナツカレ★バケーション,SUPER☆GiRLS
音霊 OTODAMA SEA STUDIO 2019,PRAY,LAST MAY JAGUAR
音霊 OTODAMA SEA STUDIO 2019,Workman,ISEKI
音霊 OTODAMA SEA STUDIO 2019,My Song My Days,SOLIDEMO with 桜men
音霊 OTODAMA SEA STUDIO 2019,もっと明日へ,Street Story
音霊 OTODAMA SEA STUDIO 2019,RAP GAME,SALU
音霊 OTODAMA SEA STUDIO 2019,ラブソウル,Rickie-G
