1CHANCE FESTIVAL 2025 - Day1(9/6) セットリスト,84306678,1CHANCE FESTIVAL,https://image.music.rakuten.net/b/9/b9e7/719a/621d/0c19/37fb/4959/98b9/72b2.s2.jpg,https://image.music.rakuten.net/9/d/9d8d/23ae/9efd/d443/7f36/0570/2b83/43db.s2.jpg,https://image.music.rakuten.net/0/7/074b/5fcc/9b01/1f8a/af3a/344b/75ae/bd7d.s2.jpg,https://image.music.rakuten.net/5/1/514a/f609/b492/e11d/486d/144a/5dec/08d6.s2.jpg
SWEET LOVE SHOWER 2025 - Day1(8/29) セットリスト,83868470,SWEET LOVE SHOWER 2025,https://image.music.rakuten.net/3/0/3067/390b/b49a/9400/a43a/23a6/2a40/41fb.s2.jpg,https://image.music.rakuten.net/d/6/d6c0/5aed/017d/8021/2ef4/9c71/b67c/b396.s2.jpg,https://image.music.rakuten.net/b/0/b0e5/78b8/a0c7/d981/9749/e62c/6c9b/23f7.s2.jpg,https://image.music.rakuten.net/b/9/b9d9/273c/7ad9/ad04/8625/5b29/7644/3d73.s2.jpg
ROCK IN JAPAN FESTIVAL 2025 - Day1(9/13) セットリスト,84917834,ROCK IN JAPAN FESTIVAL 2025,https://image.music.rakuten.net/2/6/26dd/9537/7f25/9df8/125e/0e00/8df3/47e8.s2.jpg,https://image.music.rakuten.net/6/d/6dc1/6b48/cb41/ff58/1db6/359f/b43f/0ab7.s2.jpg,https://image.music.rakuten.net/7/c/7c19/c068/64bb/95d4/5210/62db/b60e/fa91.s2.jpg,https://image.music.rakuten.net/7/c/7ce3/b2e2/83f5/5a41/d1d3/5b31/993f/060f.s2.jpg
Animelo Summer Live(アニサマ)2025ThanXX!8/29(金)公演セットリストセットリスト,84394795,Animelo Summer Live,https://image.music.rakuten.net/6/4/64ee/1919/a669/ab8c/9698/1a8d/c9d5/8439.s2.jpg,https://image.music.rakuten.net/4/4/441b/c167/c9af/9702/d6f4/cfe8/f9aa/aa5a.s2.jpg,https://image.music.rakuten.net/a/f/af34/3c51/8c67/dd93/a385/a08a/459e/90f2.s2.jpg,https://image.music.rakuten.net/a/9/a901/7257/bb9a/6f9d/2c10/ae39/f4c7/c66a.s2.jpg
ナガノアニエラフェスタ2025TEMPESTステージDAY2セットリスト,86511955,ナガノアニエラフェスタ2025,https://image.music.rakuten.net/d/1/d19f/370e/943a/0f1c/9c9b/026c/0a16/5f65.s2.jpg,https://image.music.rakuten.net/3/1/311f/d230/faa1/1c64/0419/0c39/80e0/9ca5.s2.jpg,https://image.music.rakuten.net/4/3/4349/6fe6/a577/c7c9/c98e/b056/36cd/ef28.s2.jpg,https://image.music.rakuten.net/1/7/1761/05fe/019a/36ba/70e5/a155/28e7/8d34.s2.jpg
『Tokyo 7th シスターズ』対バンライブ 4U×The QUEEN of PURPLE tWOMAN LIVE Can u feel XX??Day1セットリスト,82896833, 4U×The QUEEN of PURPLE,https://image.music.rakuten.net/1/b/1b62/70bc/5ea3/0029/df4b/bbde/caef/c5cf.s2.jpg,https://image.music.rakuten.net/2/e/2e52/bdd7/9049/7af7/35e2/1acc/b930/fbe9.s2.jpg,https://image.music.rakuten.net/2/e/2e52/bdd7/9049/7af7/35e2/1acc/b930/fbe9.s2.jpg,https://image.music.rakuten.net/f/a/fadd/3498/3998/cc23/30ca/9bef/78c1/5841.s2.jpg
CANNONBALL (8/10・11) セットリスト,82282241,CANNONBALL ,https://image.music.rakuten.net/2/6/2676/e75c/d4f9/1a95/23e8/a99b/0ad1/3511.s2.jpg,https://image.music.rakuten.net/c/3/c317/a2f9/40c1/dc22/00da/c36a/d7e3/84b2.s2.jpg,https://image.music.rakuten.net/f/7/f70f/44c0/5c7e/5e2e/29da/63f2/539f/0299.s2.jpg,https://image.music.rakuten.net/6/5/6541/ab2c/eda8/9216/4d45/7d6b/4149/c23a.s2.jpg
RISING SUN ROCK FESTIVAL 2025 -Day1(8/15) セットリスト,82734438,RISING SUN ROCK FESTIVAL 2025 -Day1(8/15) セットリスト,https://image.music.rakuten.net/e/f/efcb/26d3/bed4/df9b/d2a6/92aa/4537/813a.s2.jpg,https://image.music.rakuten.net/5/8/5801/e507/4171/ea1e/8b8e/1faf/a0fa/c065.s2.jpg,https://image.music.rakuten.net/2/d/2d51/e725/5cff/9eb1/6a00/e042/a718/f1fa.s2.jpg,https://image.music.rakuten.net/1/1/1119/105a/4ac5/cde3/566d/3c84/b610/fb61.s2.jpg
SUMMER SONIC 2025 [TOKYO]  Day1(8/16) セットリスト,82960840,サマーソニック,https://image.music.rakuten.net/1/0/10b0/afb1/f2b7/43a9/1faf/1f86/04ed/af2f.s2.jpg,https://image.music.rakuten.net/0/6/06a4/d209/9d51/c43a/9c6c/07c8/fc86/a7e7.s2.jpg,https://image.music.rakuten.net/d/9/d919/44cc/3112/3a9d/8cf7/da1c/a166/3c21.s2.jpg,https://image.music.rakuten.net/f/7/f729/9f0d/47b5/e7ed/85bb/487c/58df/f673.s2.jpg
小倉 唯 Birthday Event 2025 Magical♡Party〜永遠の魔法〜セットリスト,82892759,小倉 唯,https://image.music.rakuten.net/f/5/f562/d7af/18d9/8efe/a26c/6906/22ce/feb2.s2.jpg,https://image.music.rakuten.net/2/0/2042/6490/4dcd/1b20/4eb7/17a7/8bd7/5f05.s2.jpg,https://image.music.rakuten.net/b/d/bd55/de3d/d422/0604/0507/7e42/b827/37c2.s2.jpg,https://image.music.rakuten.net/0/8/085e/0804/12d4/8aa4/e16e/5c7a/74aa/0ab4.s2.jpg
FUJI ROCK FESTIVAL 25 - Day3(7/27) セットリスト ,81674540,FUJI ROCK FESTIVAL 25,https://image.music.rakuten.net/a/e/aed5/0039/25f4/ec14/2832/c2ad/29bc/3050.s2.jpg,https://image.music.rakuten.net/6/7/67ed/f9aa/100a/e3c7/d4e6/f463/dccd/7852.s2.jpg,https://image.music.rakuten.net/8/3/8360/40bd/65b3/371a/4339/b0d7/e4de/1efa.s2.jpg,https://image.music.rakuten.net/4/e/4e54/b90b/574b/e728/74a1/f798/3587/fcf5.s2.jpg
THE IDOLM@STER 765PRO ALLSTARS LIVE ｰNEVER END IDOL!!!!!!!!!!!!!ｰDAY1セットリスト ,81668922,THE IDOLM@STER 765PRO ALLSTARS,https://image.music.rakuten.net/7/0/702e/d3ba/b9fa/706b/ba57/2957/cbf6/4ec3.s2.jpg,https://image.music.rakuten.net/5/a/5ad4/50af/c6e6/0654/fac7/ec99/5274/115b.s2.jpg,https://image.music.rakuten.net/7/0/702e/d3ba/b9fa/706b/ba57/2957/cbf6/4ec3.s2.jpg,https://image.music.rakuten.net/7/0/702e/d3ba/b9fa/706b/ba57/2957/cbf6/4ec3.s2.jpg
FRUITS ZIPPER【さいたまスーパーアリーナ25周年 FRUITS ZIPPER 3rd ANNIVERSARY 超超超めでたいライブ -さん-】セットリスト ,81668523,FRUITS ZIPPER,https://image.music.rakuten.net/9/b/9b52/7138/067b/5158/d5a9/2c27/f1ff/e228.s2.jpg,https://image.music.rakuten.net/3/7/37f3/f956/6029/aff8/980b/2ac1/0019/8bb1.s2.jpg,https://image.music.rakuten.net/1/2/122f/1ced/b70d/9c63/f2c0/d0a1/4d62/2e64.s2.jpg,https://image.music.rakuten.net/3/1/3104/8d4e/758c/8e17/48c2/1ae7/38a0/5d29.s2.jpg
FOMARE【揉みに揉まれて10周年ツアー】セットリスト ,81428270,FOMARE,https://image.music.rakuten.net/2/7/27c9/1b1a/1a2f/a1f4/4cc6/31f9/8538/3cd7.s2.jpg,https://image.music.rakuten.net/2/8/28e5/f7b6/1dcd/db3d/990b/2a7d/353c/ad7f.s2.jpg,https://image.music.rakuten.net/2/9/29b6/8d37/e92b/a63d/1d48/d1d3/fa70/57ca.s2.jpg,https://image.music.rakuten.net/3/2/3230/cfd1/aee9/0177/41bc/2290/8b2c/9557.s2.jpg
日向坂46【日向坂46 四期生ライブ Presented by 新・日向坂ミュージックパレード】セットリスト ,81362507,日向坂46,https://image.music.rakuten.net/d/7/d797/c20d/82ab/446d/ad08/f42c/356e/5b96.s2.jpg,https://image.music.rakuten.net/6/6/669d/1f44/b3e7/763a/cbde/bfa7/9eb6/2a96.s2.jpg,https://image.music.rakuten.net/6/9/6980/923d/b6cc/41cf/0668/bf87/5340/47dc.s2.jpg,https://image.music.rakuten.net/b/a/baaf/c688/b5c6/6e6d/4da8/b1e2/34aa/7b51.s2.jpg
SEVENTEEN【SEVENTEEN WORLD TOUR ,BE THE SUN,SEVENTEEN,https://image.music.rakuten.net/c/4/c4b8/4877/b08c/8c01/7f9f/4147/3164/24ae.s2.jpg,https://image.music.rakuten.net/c/4/c4b8/4877/b08c/8c01/7f9f/4147/3164/24ae.s2.jpg,https://image.music.rakuten.net/0/b/0bca/09dc/2600/920d/3cd1/3a69/8d09/383d.s2.jpg,https://image.music.rakuten.net/f/8/f8f9/be4d/f789/c3fc/71af/21cd/e03f/20fd.s2.jpg
Mrs. GREEN APPLE【MGA MAGICAL 10 YEARS ANNIVERSARY LIVE ｰFJORDｰ】セットリスト ,81201296,Mrs. GREEN APPLE,https://image.music.rakuten.net/4/6/4602/5e02/a28c/1858/7f13/d9bd/6aeb/bd7b.s2.jpg,https://image.music.rakuten.net/0/5/0568/6f64/6a0c/944f/2d8f/0607/eb62/6b53.s2.jpg,https://image.music.rakuten.net/e/6/e6c4/8ce4/8250/a423/b09a/63b6/3c62/4cbf.s2.jpg,https://image.music.rakuten.net/4/3/43be/9156/073a/3cc7/08fe/ac94/5448/7287.s2.jpg
大橋トリオ【ohashiTrio HALL TOUR 2025 -OUR GOLD-】セットリスト ,80891179,大橋トリオ,https://image.music.rakuten.net/0/2/02ab/56c3/6f97/a673/9718/e5c2/206f/6a1f.s2.jpg,https://image.music.rakuten.net/1/3/13da/0e49/44d3/42ac/7397/7ab7/6cdf/b782.s2.jpg,https://image.music.rakuten.net/b/3/b305/61c6/5563/9908/90db/2c70/fb5f/708c.s2.jpg,https://image.music.rakuten.net/4/4/4421/ee8e/26a8/9e4a/578a/7fca/c170/1e3f.s2.jpg
水樹奈々【水樹奈々 LIVE HEROES 2023 -LIGHTNING MODE-】セットリスト ,25301853,水樹奈々,https://image.music.rakuten.net/a/6/a64e/51d9/803b/9d92/d95e/27a2/766e/d2b3.s2.jpg,https://image.music.rakuten.net/4/6/467e/b223/5e1f/f67c/3a10/06e9/6a53/b7ed.s2.jpg,https://image.music.rakuten.net/2/9/29db/b6aa/93b7/d2f3/aca4/397a/1fe5/bae4.s2.jpg,https://image.music.rakuten.net/8/9/89ed/e53d/cb63/abc7/3593/2811/8b48/d0cb.s2.jpg
≠ME【≠ME 全国ツアー2025『We want to find “カフェ樂園”』夜の部】セットリスト ,80653827,≠ME,https://image.music.rakuten.net/4/d/4d9a/4daf/f752/8ea5/73d7/9b2b/36af/a351.s2.jpg,https://image.music.rakuten.net/c/3/c384/5bf6/1e74/4953/38d7/625d/e259/3f29.s2.jpg,https://image.music.rakuten.net/c/3/c384/5bf6/1e74/4953/38d7/625d/e259/3f29.s2.jpg,https://image.music.rakuten.net/9/5/95f9/a479/5962/8c64/d229/dff4/e1dc/5c1b.s2.jpg