嵐【ARASHI Anniversary Tour 5×20】セットリスト,嵐,https://r-music-pro-image-resized.s3-ap-northeast-1.amazonaws.com/1/1/11d7/036b/1387/6cf5/1d1a/4355/9190/0258.s2.jpg,https://r-music-pro-image-resized.s3-ap-northeast-1.amazonaws.com/9/4/9448/687f/6461/65e1/0085/c74b/827e/a940.s2.jpg,https://r-music-pro-image-resized.s3-ap-northeast-1.amazonaws.com/d/4/d4e3/fabe/124a/e59f/d1e5/36c3/aecf/bc3b.s2.jpg,https://r-music-pro-image-resized.s3-ap-northeast-1.amazonaws.com/d/b/db90/546b/6c7a/ee16/c032/9b20/212e/8dc9.s2.jpg
UVERworld【2019 LIVE at TOKYO DOME】セットリスト,UVERworld,https://r-music-pro-image-resized.s3-ap-northeast-1.amazonaws.com/4/6/46d4/3b85/2f42/677a/7aa0/2ab3/0369/c05c.s2.jpg,https://r-music-pro-image-resized.s3-ap-northeast-1.amazonaws.com/8/8/88e7/1c1f/26a2/a0f9/59c3/0d73/8638/4bc6.s2.jpg,https://r-music-pro-image-resized.s3-ap-northeast-1.amazonaws.com/b/0/b0ba/32d0/7d41/8643/24fa/25a1/ebe8/6e90.s2.jpg,https://r-music-pro-image-resized.s3-ap-northeast-1.amazonaws.com/d/1/d145/a231/d2d2/90f9/8a62/ab95/1dfc/f8e1.s2.jpg
L'Arc～en～Ciel【LIVE 2019 L'ArChristmas】セットリスト,L'Arc～en～Ciel,https://r-music-pro-image-resized.s3-ap-northeast-1.amazonaws.com/f/c/fc6e/9521/82f0/3b71/7e56/2847/5c14/be54.s2.jpg,https://r-music-pro-image-resized.s3-ap-northeast-1.amazonaws.com/4/d/4dd7/dca6/f2a5/e53f/7163/4276/d0ee/151f.s2.jpg,https://r-music-pro-image-resized.s3-ap-northeast-1.amazonaws.com/1/a/1ad9/9696/319a/0da8/ac07/f381/d745/17c4.s2.jpg,https://r-music-pro-image-resized.s3-ap-northeast-1.amazonaws.com/f/3/f3bc/3e7e/b613/2955/15ec/c6c8/3fe5/9cba.s2.jpg
星野 源【POP VIRUS World Tour】セットリスト,星野 源 ,https://r-music-pro-image-resized.s3-ap-northeast-1.amazonaws.com/f/b/fb94/e94b/24a4/98c0/c974/925f/eaeb/5e92.s2.jpg,https://r-music-pro-image-resized.s3-ap-northeast-1.amazonaws.com/8/4/8479/d969/8e42/c05e/5961/4281/e42f/453c.s2.jpg,https://r-music-pro-image-resized.s3-ap-northeast-1.amazonaws.com/a/5/a538/ac0b/db1e/94dd/c0bf/07e7/c44e/2ef9.s2.jpg,https://r-music-pro-image-resized.s3-ap-northeast-1.amazonaws.com/b/c/bcb9/7303/a2d2/c424/13fb/3dfc/ca0b/57e4.s2.jpg
Superfly【Arena Tour 2019‐0‐】セットリスト,Superfly,https://r-music-pro-image-resized.s3-ap-northeast-1.amazonaws.com/f/4/f48b/9913/ffe3/eba5/da5c/ef88/1915/85a7.s2.jpg,https://r-music-pro-image-resized.s3-ap-northeast-1.amazonaws.com/b/3/b3ab/73e1/874d/b8c8/5a5f/3050/3bd4/cb29.s2.jpg,https://r-music-pro-image-resized.s3-ap-northeast-1.amazonaws.com/2/f/2f27/e2f3/4544/6cac/84fc/a439/1017/90f7.s2.jpg,https://r-music-pro-image-resized.s3-ap-northeast-1.amazonaws.com/0/5/0553/8dae/1110/2aaa/51ab/4cb8/a842/6d16.s2.jpg
日向坂46 【Xmas SPECIAL LIVE 2019】セットリスト,日向坂46,https://r-music-pro-image-resized.s3-ap-northeast-1.amazonaws.com/6/d/6dcf/858a/9689/722a/69d9/a6bc/6d12/05a1.s2.jpg,https://r-music-pro-image-resized.s3-ap-northeast-1.amazonaws.com/5/d/5d47/7265/bfb8/2811/ea4d/e232/2aa9/db74.s2.jpg,https://r-music-pro-image-resized.s3-ap-northeast-1.amazonaws.com/a/9/a9a9/79f7/03e3/2dcb/2e64/69c4/4b54/9df4.s2.jpg,https://r-music-pro-image-resized.s3-ap-northeast-1.amazonaws.com/4/c/4c4e/76b2/0d14/ed3f/39fd/f0e3/af11/825b.s2.jpg
HYDE【LIVE 2019 ANTI FINAL】セットリスト,HYDE,https://r-music-pro-image-resized.s3-ap-northeast-1.amazonaws.com/4/a/4ab4/feeb/ffc7/7dd8/5621/d1e6/939a/85ba.s2.jpg,https://r-music-pro-image-resized.s3-ap-northeast-1.amazonaws.com/a/1/a1e7/af83/4031/93d6/1b09/d4e7/6e26/e3db.s2.jpg,https://r-music-pro-image-resized.s3-ap-northeast-1.amazonaws.com/4/a/4ab4/feeb/ffc7/7dd8/5621/d1e6/939a/85ba.s2.jpg,https://r-music-pro-image-resized.s3-ap-northeast-1.amazonaws.com/8/1/81e4/b061/55f0/66ef/10f7/ad80/cb9f/ff5b.s2.jpg
Survive Said The Prophet【Made In Asia Tour Final】セットリスト,Survive Said The Prophet,https://r-music-pro-image-resized.s3-ap-northeast-1.amazonaws.com/3/4/3488/5ecd/1fc5/47d7/b56a/253a/8263/dafe.s2.jpg,https://r-music-pro-image-resized.s3-ap-northeast-1.amazonaws.com/4/5/45f9/7a94/0704/deb2/9442/4f83/eed3/974c.s2.jpg,https://r-music-pro-image-resized.s3-ap-northeast-1.amazonaws.com/d/6/d6cf/807d/1dc4/1ce3/67f5/3719/86fa/3e79.s2.jpg,https://r-music-pro-image-resized.s3-ap-northeast-1.amazonaws.com/4/5/45f9/7a94/0704/deb2/9442/4f83/eed3/974c.s2.jpg
藍井エイル【LIVE HOUSE TOUR 2019 ‐星が降るユメ‐】セットリスト,藍井エイル ,https://r-music-pro-image-resized.s3-ap-northeast-1.amazonaws.com/e/2/e2e5/0974/7854/6989/e66e/1791/b3dd/da8d.s2.jpg,https://r-music-pro-image-resized.s3-ap-northeast-1.amazonaws.com/d/a/dafe/f878/ea77/83f2/fae8/8a0d/8231/f30b.s2.jpg,https://r-music-pro-image-resized.s3-ap-northeast-1.amazonaws.com/2/b/2b36/25ec/3516/09b8/a4a1/7b69/5f78/16c1.s2.jpg,https://r-music-pro-image-resized.s3-ap-northeast-1.amazonaws.com/e/6/e699/247c/6278/5e8f/896c/bb7f/3e3c/c23b.s2.jpg
DOBERMAN INFINITY【LIVE TOUR 2019 5IVE ～必ず会おうこの約束の場所で～】セットリスト,DOBERMAN INFINITY,https://r-music-pro-image-resized.s3-ap-northeast-1.amazonaws.com/4/a/4a3b/de62/fc62/be61/7119/8afe/ddff/fbc5.s2.jpg,https://r-music-pro-image-resized.s3-ap-northeast-1.amazonaws.com/4/a/4a3b/de62/fc62/be61/7119/8afe/ddff/fbc5.s2.jpg,https://r-music-pro-image-resized.s3-ap-northeast-1.amazonaws.com/4/a/4a3b/de62/fc62/be61/7119/8afe/ddff/fbc5.s2.jpg,https://r-music-pro-image-resized.s3-ap-northeast-1.amazonaws.com/1/7/1799/c4a9/3cee/fa10/f6a3/a83a/99ad/b0ec.s2.jpg
Nulbarich【ONE MAN LIVE ‐A STORY‐ at SAITAMA SUPER ARENA】セットリスト,Nulbarich,https://r-music-pro-image-resized.s3-ap-northeast-1.amazonaws.com/b/9/b983/ffc5/616c/6f2b/e5f9/c652/9420/5e28.s2.jpg,https://r-music-pro-image-resized.s3-ap-northeast-1.amazonaws.com/8/5/8551/6dfd/6275/7065/b0c2/8c5a/de8f/9aa6.s2.jpg,https://r-music-pro-image-resized.s3-ap-northeast-1.amazonaws.com/a/1/a10a/5aa8/1cf8/87a8/b2f8/58a7/5b9f/c44a.s2.jpg,https://r-music-pro-image-resized.s3-ap-northeast-1.amazonaws.com/c/5/c519/ce94/4623/4291/26f5/782e/5a48/2ad6.s2.jpg
King Gnu【Live Tour 2019 AW FINAL】セットリスト,King Gnu,https://r-music-pro-image-resized.s3-ap-northeast-1.amazonaws.com/5/3/5391/fa91/ec44/2c76/de37/161b/8118/1886.s2.jpg,https://r-music-pro-image-resized.s3-ap-northeast-1.amazonaws.com/c/2/c2a2/8d07/e1ca/ee23/048b/c4e7/75f8/9e23.s2.jpg,https://r-music-pro-image-resized.s3-ap-northeast-1.amazonaws.com/0/3/0367/8907/b661/6250/c672/cfdd/a1dc/bbc7.s2.jpg,https://r-music-pro-image-resized.s3-ap-northeast-1.amazonaws.com/0/3/0367/8907/b661/6250/c672/cfdd/a1dc/bbc7.s2.jpg
乃木坂46【乃木坂46 3・4期生ライブ】セットリスト,乃木坂46,https://r-music-pro-image-resized.s3-ap-northeast-1.amazonaws.com/c/f/cfa5/4777/f5c4/1c62/a087/fdae/9073/a78c.s2.jpg,https://r-music-pro-image-resized.s3-ap-northeast-1.amazonaws.com/8/a/8aef/835b/e49b/867a/1df0/61a1/5b32/6920.s2.jpg,https://r-music-pro-image-resized.s3-ap-northeast-1.amazonaws.com/2/f/2f47/fa4c/134f/6458/b101/3122/4d36/d58d.s2.jpg,https://r-music-pro-image-resized.s3-ap-northeast-1.amazonaws.com/0/6/064f/abad/2a47/5ef9/10ab/4d28/1620/c92e.s2.jpg
みゆな【TOUR 2019 ‐ユラレル‐】セットリスト,みゆな,https://r-music-pro-image-resized.s3-ap-northeast-1.amazonaws.com/9/d/9d0b/8c49/4775/fb13/39a9/6c3c/55a8/4b8b.s2.jpg,https://r-music-pro-image-resized.s3-ap-northeast-1.amazonaws.com/5/a/5af5/cdf5/df20/e77e/7750/6c3c/de88/07eb.s2.jpg,https://r-music-pro-image-resized.s3-ap-northeast-1.amazonaws.com/5/a/5af5/cdf5/df20/e77e/7750/6c3c/de88/07eb.s2.jpg,https://r-music-pro-image-resized.s3-ap-northeast-1.amazonaws.com/d/c/dcda/880a/59f9/0b69/8450/f14f/1e4f/37cb.s2.jpg
OH MY GIRL【Zepp LIVE TOUR 2019～starlight～】セットリスト,OH MY GIRL,https://r-music-pro-image-resized.s3-ap-northeast-1.amazonaws.com/7/f/7f28/b019/e6c8/523e/ae6e/863e/b4e9/3098.s2.jpg,https://r-music-pro-image-resized.s3-ap-northeast-1.amazonaws.com/7/f/7f28/b019/e6c8/523e/ae6e/863e/b4e9/3098.s2.jpg,https://r-music-pro-image-resized.s3-ap-northeast-1.amazonaws.com/9/e/9e95/5143/d860/4f8f/3f41/1d98/d182/6f9b.s2.jpg,https://r-music-pro-image-resized.s3-ap-northeast-1.amazonaws.com/9/e/9e95/5143/d860/4f8f/3f41/1d98/d182/6f9b.s2.jpg
BLUE ENCOUNT【TOUR2019『B.E. with YOU』】セットリスト,BLUE ENCOUNT,https://r-music-pro-image-resized.s3-ap-northeast-1.amazonaws.com/f/0/f03c/6b92/ab3a/84ab/8ba1/b6aa/30b6/bff2.s2.jpg,https://r-music-pro-image-resized.s3-ap-northeast-1.amazonaws.com/8/0/80be/1736/ec88/369d/19e5/e53d/76d1/2807.s2.jpg,https://r-music-pro-image-resized.s3-ap-northeast-1.amazonaws.com/4/3/4363/560b/42c6/364c/4601/ebbe/dcdb/9261.s2.jpg,https://r-music-pro-image-resized.s3-ap-northeast-1.amazonaws.com/4/3/4363/560b/42c6/364c/4601/ebbe/dcdb/9261.s2.jpg
m‐flo【20th Anniversary Live KYO】セットリスト,m‐flo,https://r-music-pro-image-resized.s3-ap-northeast-1.amazonaws.com/1/c/1ca8/6e9c/becf/da56/8fd5/a4fc/8485/1468.s2.jpg,https://r-music-pro-image-resized.s3-ap-northeast-1.amazonaws.com/1/c/1ca8/6e9c/becf/da56/8fd5/a4fc/8485/1468.s2.jpg,https://r-music-pro-image-resized.s3-ap-northeast-1.amazonaws.com/4/8/48c8/9d51/8952/d279/e91f/3ec6/b04e/0fdf.s2.jpg,https://r-music-pro-image-resized.s3-ap-northeast-1.amazonaws.com/9/5/95aa/b6ef/2fbe/8fa5/574b/1c1b/3dd0/08f1.s2.jpg
BABYMETAL【METAL GALAXY WORLD TOUR IN JAPAN】セットリスト,BABYMETAL,https://r-music-pro-image-resized.s3-ap-northeast-1.amazonaws.com/b/5/b56d/10ac/1430/264d/c790/e4ed/de04/93a1.s2.jpg,https://r-music-pro-image-resized.s3-ap-northeast-1.amazonaws.com/b/5/b56d/10ac/1430/264d/c790/e4ed/de04/93a1.s2.jpg,https://r-music-pro-image-resized.s3-ap-northeast-1.amazonaws.com/c/b/cb01/b029/f426/2961/1ad1/9703/ff93/bd3d.s2.jpg,https://r-music-pro-image-resized.s3-ap-northeast-1.amazonaws.com/a/a/aa11/6ee2/8470/746d/895b/54cf/1845/bad1.s2.jpg
sumika【Live Tour 2019】セットリスト ,sumika,https://r-music-pro-image-resized.s3-ap-northeast-1.amazonaws.com/5/e/5e61/4f0e/9bb2/4270/9dd1/5af5/a811/b366.s2.jpg,https://r-music-pro-image-resized.s3-ap-northeast-1.amazonaws.com/6/1/61ed/8333/529f/ca4d/243f/e54f/f4ad/54fb.s2.jpg,https://r-music-pro-image-resized.s3-ap-northeast-1.amazonaws.com/2/5/252b/42e8/9db4/6341/a0e9/5404/b236/4951.s2.jpg,https://r-music-pro-image-resized.s3-ap-northeast-1.amazonaws.com/d/7/d788/22de/187b/3977/081a/5420/2a61/02e0.s2.jpg
三代目J Soul Brothers from EXILE TRIBE【LIVE TOUR 2019 ‐RAISE THE FLAG‐ FINAL SEASON】セットリスト ,三代目J Soul Brothers from EXILE TRIBE,https://r-music-pro-image-resized.s3-ap-northeast-1.amazonaws.com/7/9/7903/42ac/2383/5cb1/1802/3ce3/ebe5/8f47.s2.jpg,https://r-music-pro-image-resized.s3-ap-northeast-1.amazonaws.com/7/9/7903/42ac/2383/5cb1/1802/3ce3/ebe5/8f47.s2.jpg,https://r-music-pro-image-resized.s3-ap-northeast-1.amazonaws.com/b/1/b127/ca73/8b71/a584/41c7/1d29/e5ce/b69a.s2.jpg,https://r-music-pro-image-resized.s3-ap-northeast-1.amazonaws.com/f/f/ff1b/3bb8/9881/c49a/0539/fdbe/3766/1965.s2.jpg
